{
  "task0|peer|orchestrator|T0.0": {
    "n_replicates": 30,
    "H1_bits": 0.8631896987075632,
    "H2_bits": 1.6929083864075432,
    "H3_bits": 2.447063776262299,
    "motif_means": {
      "RC": 0.13333333333333333,
      "RCRC": 0.0,
      "CRCR": 0.0,
      "RCS": 0.1,
      "RCSRCS": 0.0,
      "RS": 0.9999999999999999,
      "CS": 0.49999999999999994,
      "RSRS": 0.0,
      "SR": 0.0,
      "SC": 0.5333333333333333,
      "SS": 6.666666666666667,
      "SSSS": 4.466666666666668,
      "RR": 0.0,
      "RRRR": 0.0,
      "CC": 0.03333333333333333,
      "CCCC": 0.0
    },
    "s_inter_call_intervals": [
      1,
      1,
      1,
      1,
      2,
      1,
      1,
      3,
      1,
      1,
      2,
      1,
      2,
      1,
      1,
      1,
      1,
      1,
      1,
      3,
      1,
      1,
      1,
      1,
      1,
      1,
      1,
      1,
      1,
      1,
      1,
      1,
      1,
      2,
      2,
      1,
      1,
      1,
      1,
      1,
      1,
      1,
      1,
      1,
      1,
      1,
      1,
      1,
      1,
      1,
      1,
      1,
      1,
      1,
      1,
      1,
      1,
      1,
      1,
      1,
      1,
      1,
      1,
      1,
      1,
      1,
      1,
      1,
      3,
      1,
      1,
      1,
      1,
      1,
      1,
      3,
      2,
      1,
      1,
      2,
      1,
      1,
      1,
      1,
      1,
      1,
      2,
      1,
      1,
      1,
      1,
      1,
      1,
      1,
      1,
      1,
      1,
      1,
      1,
      1,
      1,
      1,
      1,
      1,
      1,
      1,
      1,
      1,
      1,
      2,
      1,
      1,
      1,
      1,
      1,
      1,
      1,
      1,
      1,
      1,
      1,
      1,
      1,
      1,
      1,
      1,
      1,
      1,
      2,
      1,
      1,
      1,
      1,
      1,
      1,
      1,
      1,
      1,
      1,
      1,
      1,
      1,
      1,
      1,
      1,
      1,
      1,
      1,
      1,
      1,
      1,
      1,
      1,
      1,
      1,
      1,
      1,
      1,
      1,
      1,
      1,
      1,
      1,
      1,
      1,
      1,
      1,
      1,
      1,
      1,
      1,
      1,
      1,
      1,
      1,
      1,
      1,
      1,
      1,
      1,
      1,
      1,
      1,
      1,
      1,
      1,
      1,
      1,
      1,
      1,
      1,
      1,
      1,
      1,
      2,
      1,
      1,
      1,
      1,
      1,
      1,
      1,
      1,
      1,
      1,
      1,
      1,
      1,
      1,
      1,
      1,
      1,
      1,
      1,
      1
    ],
    "s_inter_call_mean": 1.0883720930232559,
    "s_inter_call_std": 0.3431789161990087,
    "final_output_divergence": 0.040750892581284996,
    "workspace_divergence_per_round": [
      0.03243533058289726,
      0.05363718302123378,
      0.041970587354314644,
      0.040109878686708796,
      0.0391970366153927,
      0.03978937582301177,
      0.038535996978735665,
      0.037778095711622744,
      0.039550472313079385,
      0.038919370903131106
    ]
  },
  "task0|peer|random|T0.0": {
    "n_replicates": 30,
    "H1_bits": 1.5639712198133071,
    "H2_bits": 3.104858989314399,
    "H3_bits": 4.625014830887897,
    "motif_means": {
      "RC": 0.8666666666666666,
      "RCRC": 0.06666666666666667,
      "CRCR": 0.06666666666666667,
      "RCS": 0.26666666666666666,
      "RCSRCS": 0.0,
      "RS": 0.6333333333333333,
      "CS": 1.1333333333333333,
      "RSRS": 0.0,
      "SR": 0.49999999999999994,
      "SC": 1.4333333333333336,
      "SS": 1.1666666666666667,
      "SSSS": 0.1,
      "RR": 0.9333333333333332,
      "RRRR": 0.2,
      "CC": 1.4666666666666668,
      "CCCC": 0.26666666666666666
    },
    "s_inter_call_intervals": [
      2,
      1,
      1,
      2,
      3,
      1,
      1,
      1,
      1,
      1,
      1,
      1,
      2,
      1,
      1,
      3,
      2,
      1,
      4,
      1,
      8,
      2,
      5,
      2,
      2,
      1,
      1,
      1,
      1,
      5,
      1,
      7,
      1,
      1,
      3,
      3,
      2,
      4,
      1,
      7,
      1,
      4,
      2,
      1,
      5,
      1,
      3,
      1,
      4,
      4,
      1,
      2,
      1,
      4,
      1,
      5,
      2,
      1,
      1,
      2,
      2,
      1,
      2,
      1,
      1,
      5,
      1,
      4,
      2,
      2,
      8,
      1,
      5,
      3
    ],
    "s_inter_call_mean": 2.3378378378378377,
    "s_inter_call_std": 1.7879251679351307,
    "final_output_divergence": 0.051277267972504585,
    "workspace_divergence_per_round": [
      0.07381751672904559,
      0.06584307034921727,
      0.05542567170344412,
      0.055049477831849,
      0.05098719754966831,
      0.05083557401394092,
      0.04915162982052152,
      0.046054715057346124,
      0.04523570465928812,
      0.04385651790855504
    ]
  }
}