{
  "task0|peer|orchestrator|T0.7": {
    "n_replicates": 2,
    "H1_bits": 1.561278124459133,
    "H2_bits": 1.8423709931771084,
    "H3_bits": 1.9182958340544896,
    "motif_means": {
      "RC": 1.5,
      "RCRC": 0.5,
      "CRCR": 0.0,
      "RCS": 0.5,
      "RCSRCS": 0.0,
      "RS": 0.0,
      "CS": 0.5,
      "RSRS": 0.0,
      "SR": 0.0,
      "SC": 0.0,
      "SS": 0.5,
      "SSSS": 0.0,
      "RR": 0.0,
      "RRRR": 0.0,
      "CC": 0.0,
      "CCCC": 0.0
    },
    "s_inter_call_intervals": [
      1
    ],
    "s_inter_call_mean": 1.0,
    "s_inter_call_std": 0.0,
    "final_output_divergence": 0.03595219799153404,
    "workspace_divergence_per_round": [
      0.05590357301884319,
      0.04349328104819661,
      0.047602178361719094,
      0.05747253617596004
    ]
  },
  "task0|peer|random|T0.0": {
    "n_replicates": 2,
    "H1_bits": 1.561278124459133,
    "H2_bits": 2.521640636343318,
    "H3_bits": 2.584962500721156,
    "motif_means": {
      "RC": 0.5,
      "RCRC": 0.0,
      "CRCR": 0.0,
      "RCS": 0.5,
      "RCSRCS": 0.0,
      "RS": 0.5,
      "CS": 0.5,
      "RSRS": 0.0,
      "SR": 0.5,
      "SC": 0.5,
      "SS": 0.0,
      "SSSS": 0.0,
      "RR": 0.5,
      "RRRR": 0.0,
      "CC": 0.0,
      "CCCC": 0.0
    },
    "s_inter_call_intervals": [
      3
    ],
    "s_inter_call_mean": 3.0,
    "s_inter_call_std": 0.0,
    "final_output_divergence": 0.04087210985447853,
    "workspace_divergence_per_round": [
      0.060766904740690686,
      0.04916085909814538,
      0.034917596772809034,
      0.03946251078861107
    ]
  }
}