{
  "task0|peer|orchestrator|T0.7": {
    "n_replicates": 30,
    "H1_bits": 0.9378341558596068,
    "H2_bits": 1.8394102403251027,
    "H3_bits": 2.6954112661649248,
    "motif_means": {
      "RC": 0.16666666666666666,
      "RCRC": 0.0,
      "CRCR": 0.0,
      "RCS": 0.13333333333333333,
      "RCSRCS": 0.0,
      "RS": 1.0333333333333332,
      "CS": 0.6333333333333333,
      "RSRS": 0.0,
      "SR": 0.0,
      "SC": 0.6666666666666666,
      "SS": 6.2666666666666675,
      "SSSS": 3.966666666666668,
      "RR": 0.0,
      "RRRR": 0.0,
      "CC": 0.03333333333333333,
      "CCCC": 0.0
    },
    "s_inter_call_intervals": [
      1,
      1,
      1,
      2,
      1,
      1,
      1,
      1,
      1,
      1,
      1,
      3,
      4,
      1,
      1,
      1,
      1,
      2,
      1,
      1,
      1,
      1,
      1,
      1,
      1,
      1,
      1,
      1,
      1,
      1,
      1,
      1,
      1,
      1,
      1,
      1,
      1,
      1,
      1,
      1,
      2,
      1,
      1,
      1,
      1,
      1,
      1,
      1,
      1,
      1,
      1,
      1,
      1,
      3,
      1,
      1,
      1,
      1,
      1,
      1,
      1,
      2,
      1,
      1,
      1,
      1,
      3,
      1,
      3,
      1,
      1,
      1,
      1,
      1,
      1,
      1,
      1,
      1,
      3,
      1,
      1,
      1,
      1,
      1,
      1,
      1,
      2,
      1,
      1,
      1,
      1,
      1,
      1,
      1,
      1,
      1,
      1,
      1,
      1,
      1,
      1,
      1,
      1,
      1,
      1,
      1,
      1,
      1,
      1,
      1,
      1,
      1,
      1,
      1,
      1,
      1,
      1,
      1,
      1,
      1,
      1,
      1,
      1,
      1,
      1,
      1,
      1,
      1,
      1,
      1,
      1,
      1,
      1,
      1,
      1,
      1,
      1,
      1,
      1,
      2,
      1,
      1,
      1,
      1,
      1,
      2,
      1,
      1,
      1,
      1,
      1,
      1,
      1,
      1,
      1,
      1,
      1,
      1,
      1,
      2,
      1,
      1,
      1,
      1,
      2,
      1,
      1,
      2,
      2,
      2,
      2,
      1,
      1,
      1,
      1,
      1,
      1,
      1,
      1,
      1,
      1,
      1,
      1,
      1,
      1,
      1,
      1,
      1,
      1,
      1,
      1,
      1,
      1,
      1,
      1,
      1,
      1,
      1,
      1,
      1,
      1,
      2,
      1,
      1,
      1,
      1,
      1,
      1
    ],
    "s_inter_call_mean": 1.1298076923076923,
    "s_inter_call_std": 0.43575306338397746,
    "final_output_divergence": 0.04183061706344586,
    "workspace_divergence_per_round": [
      0.026621052661081116,
      0.04960974745909263,
      0.0443528032691999,
      0.043487690624804114,
      0.04274375971598999,
      0.041917085367851256,
      0.04414954907085891,
      0.044924655318046375,
      0.04564767066483896,
      0.04218778382866168
    ]
  },
  "task0|peer|random|T0.0": {
    "n_replicates": 30,
    "H1_bits": 1.5639712198133071,
    "H2_bits": 3.104858989314399,
    "H3_bits": 4.625014830887897,
    "motif_means": {
      "RC": 0.8666666666666666,
      "RCRC": 0.06666666666666667,
      "CRCR": 0.06666666666666667,
      "RCS": 0.26666666666666666,
      "RCSRCS": 0.0,
      "RS": 0.6333333333333333,
      "CS": 1.1333333333333333,
      "RSRS": 0.0,
      "SR": 0.49999999999999994,
      "SC": 1.4333333333333336,
      "SS": 1.1666666666666667,
      "SSSS": 0.1,
      "RR": 0.9333333333333332,
      "RRRR": 0.2,
      "CC": 1.4666666666666668,
      "CCCC": 0.26666666666666666
    },
    "s_inter_call_intervals": [
      2,
      1,
      1,
      2,
      3,
      1,
      1,
      1,
      1,
      1,
      1,
      1,
      2,
      1,
      1,
      3,
      2,
      1,
      4,
      1,
      8,
      2,
      5,
      2,
      2,
      1,
      1,
      1,
      1,
      5,
      1,
      7,
      1,
      1,
      3,
      3,
      2,
      4,
      1,
      7,
      1,
      4,
      2,
      1,
      5,
      1,
      3,
      1,
      4,
      4,
      1,
      2,
      1,
      4,
      1,
      5,
      2,
      1,
      1,
      2,
      2,
      1,
      2,
      1,
      1,
      5,
      1,
      4,
      2,
      2,
      8,
      1,
      5,
      3
    ],
    "s_inter_call_mean": 2.3378378378378377,
    "s_inter_call_std": 1.7879251679351307,
    "final_output_divergence": 0.04353917903867178,
    "workspace_divergence_per_round": [
      0.0694096052712664,
      0.058692591250980745,
      0.05273205494540247,
      0.04758361062340813,
      0.04525719688433238,
      0.04703312446983873,
      0.04301595489845274,
      0.04528819998046953,
      0.039661536379603526,
      0.0389765677257743
    ]
  }
}